x,y,yaw,v
-0.762317513016908,1.62805711903658,-1.61044532578717,1
-0.763036546413833,1.60993165327801,-1.60204805195852,1
-0.763603970356751,1.5917810008193,-1.59408264588431,1
-0.764027189589416,1.57360969899084,-1.58739086468808,1
-0.764329287310856,1.55540672205644,-1.58112946912867,1
-0.764517841911462,1.53715981481671,-1.57471680986045,1
-0.764589546273021,1.51887023340816,-1.56766966825479,1
-0.76453225598973,1.50054712716992,-1.56070219630724,1
-0.764346904351203,1.48218543237506,-1.55453915667802,1
-0.764047553102575,1.46377356403591,-1.5484668916625,1
-0.763635011641388,1.44530140423579,-1.54158435266168,1
-0.763093343571243,1.42676400640933,-1.53472838955516,1
-0.762422674747118,1.40817747147778,-1.52937158102261,1
-0.761650301285621,1.38954291871293,-1.52469283231903,1
-0.760787992517461,1.37085241083827,-1.51945822250928,1
-0.759825379736238,1.35211843228072,-1.51446882527726,1
-0.758766589211445,1.33334127215558,-1.51012279466702,1
-0.757622537777109,1.31450855890032,-1.50576441547497,1
-0.756392439000522,1.2956199214298,-1.50087532628991,1
-0.755066313066751,1.27668477891166,-1.49482438965217,1
-0.75362167931126,1.25770601659708,-1.48823455776213,1
-0.752047728219784,1.23868543076246,-1.4827200058125,1
-0.750365418187672,1.21963425306527,-1.47842004275829,1
-0.748597451420947,1.20054997172191,-1.47382126678236,1
-0.746738128405349,1.18143690389274,-1.46841983355227,1
-0.744773482629162,1.16231359607941,-1.46242772974227,1
-0.742691995053283,1.14318136508943,-1.45548955959549,1
-0.740474392952016,1.12403448170878,-1.44841145380543,1
-0.738119247984239,1.1048868970945,-1.4423050479175,1
-0.735646157348142,1.08574578958673,-1.43634496232785,1
-0.733057765099328,1.06661042048897,-1.42940555312116,1
-0.73033718157241,1.04749722187926,-1.42195080116299,1
-0.727476261991721,1.02841864753361,-1.41438471109845,1
-0.724473584710682,1.00937817658513,-1.4066834891598,1
-0.721328054905837,0.990383687966352,-1.39881832309165,1
-0.718038575261695,0.971445305792668,-1.39036167184611,1
-0.714593892504162,0.952561910532288,-1.38128241555415,1
-0.710983064936879,0.933737458906117,-1.37212179550463,1
-0.707210025579289,0.914996930796873,-1.36313397195901,1
-0.703281209498919,0.896350421248535,-1.35399983566764,1
-0.699194217023287,0.87779495297213,-1.34352710102135,1
-0.694927977396822,0.859347522798372,-1.33183748760702,1
-0.690464948620007,0.841027399728679,-1.31974708254534,1
-0.685800887338743,0.822841080054193,-1.30687805199528,1
-0.68092160798371,0.804784488274719,-1.29326637412432,1
-0.675814463550357,0.78685725628216,-1.27958734574696,1
-0.670485116195388,0.769076756926317,-1.26562313193327,1
-0.664934622362842,0.751456902188521,-1.25097360180708,1
-0.659153268088692,0.734000736232113,-1.2354270598954,1
-0.653126443356151,0.716708867355083,-1.21872689457491,1
-0.646834843721773,0.699583064051652,-1.20332899745794,1
-0.640306205367648,0.682623462132078,-1.18693008527864,1
-0.633532208258983,0.665852103415799,-1.17175959980239,1
-0.626542147124306,0.649274551204098,-1.15579992119285,1
-0.619334286381759,0.632914779389036,-1.13819895424934,1
-0.611883895122016,0.616780305500795,-1.1201369508612,1
-0.604184990270382,0.600869156333325,-1.10241726234906,1
-0.596246306184776,0.585177836640494,-1.08334814481881,1
-0.588052146986411,0.569720506360474,-1.06274202208136,1
-0.579583974365465,0.554512054772557,-1.04173468388867,1
-0.570839569815662,0.53955559073537,-1.02054687872025,1
-0.561821040770994,0.524854227335767,-0.999131469144606,1
-0.552531376908153,0.510414034066617,-0.977559884165153,1
-0.542975216756712,0.496241079164549,-0.956399151060634,1
-0.533162807927848,0.482332321878833,-0.935737677916573,1
-0.523103766829202,0.468681678346425,-0.914829684276601,1
-0.51279728215534,0.455290759399785,-0.89314339009068,1
-0.502235507356144,0.442167067102093,-0.870269094053806,1
-0.491406318111398,0.429323949312215,-0.846967045210704,1
-0.480310037643105,0.416769688744011,-0.823783230874204,1
-0.468950307501713,0.404502595717047,-0.800544953125192,1
-0.4573183567285,0.39251282432034,-0.777286905505914,1
-0.445417650768057,0.380803628561532,-0.75402902131106,1
-0.433263927240004,0.369389452420038,-0.73076598631079,1
-0.420860954455494,0.358272693671874,-0.707539398977975,1
-0.40820802720086,0.34745116098988,-0.684393875383262,1
-0.395307541816808,0.336924951731201,-0.661451893774612,1
-0.382162559724881,0.326692451205639,-0.638620501021872,1
-0.368774981141179,0.316753488728748,-0.61577256169569,1
-0.35514655058702,0.307110745136154,-0.593821361281792,1
-0.341291272034407,0.29775698610061,-0.572898462605347,1
-0.327225208200312,0.288683454395863,-0.551457991669724,1
-0.312943594158388,0.279898647118594,-0.52965214024862,1
-0.298440619206318,0.271407882924051,-0.508399023920732,1
-0.283718835090367,0.263204040623808,-0.487644634219398,1
-0.268779406240968,0.255280668584927,-0.46730826710083,1
-0.253623687112037,0.247633331661201,-0.447457786945826,1
-0.2382552408688,0.240257653367148,-0.428083849524013,1
-0.22267868973531,0.233150012705424,-0.409181447788587,1
-0.206898400005725,0.226306757979133,-0.390772209094421,1
-0.190918420956219,0.219723679555769,-0.372863597679498,1
-0.174742321878648,0.213396216826748,-0.355471799692632,1
-0.158373455827793,0.207319408527978,-0.338679324440565,1
-0.141816096239717,0.201487051465024,-0.322437738308285,1
-0.125073688791118,0.195893462592343,-0.306614305811163,1
-0.108147635886664,0.190534700718002,-0.291802472823117,1
-0.0910481066907016,0.185398398369451,-0.278148826946341,1
-0.073788662032837,0.18046994413591,-0.264251193708727,1
-0.0563636426255165,0.175755103941602,-0.250067264017395,1
-0.0387662405353657,0.171260488614969,-0.236469284911565,1
-0.0210037559984406,0.166980124856308,-0.223255975340446,1
-0.00308265421982234,0.162911305056525,-0.21071227752858,1
0.0149900576077862,0.159045783441927,-0.199520663944589,1
0.0331961017935138,0.155364320106575,-0.188787321262173,1
0.0515290120753122,0.151861586636189,-0.177714427061042,1
0.0699985536578982,0.148544286093821,-0.166806868797321,1
0.0886066733402227,0.145411211087658,-0.156676910984693,1
0.107343890409969,0.14245126213296,-0.147593240483347,1
0.126195549208357,0.139648503561064,-0.138615610971945,1
0.145162112384771,0.137002472871744,-0.129302452336329,1
0.164251671869934,0.134520297305851,-0.120244406322115,1
0.183463237404834,0.132199015629703,-0.112068728236396,1
0.202785652219865,0.130024465863345,-0.104800218852527,1
0.222207603821322,0.127981556453132,-0.0972095575293645,1
0.241738397274334,0.126076973636367,-0.0895235565957256,1
0.261381361545343,0.124313752668522,-0.0827411045169036,1
0.281119366114674,0.122676871250811,-0.0758772716794738,1
0.300951367718079,0.121169178522571,-0.0684832900109834,1
0.320885006013981,0.119801919257357,-0.0613085386933168,1
0.340914930097553,0.118572372981832,-0.054717399585964,1
0.361029939552153,0.117470632217288,-0.0489565087852386,1
0.381215152171851,0.116481644436621,-0.044268170582951,1
0.40145183202579,0.115585217997355,-0.0396316089631293,1
0.421741665091815,0.114780678002458,-0.0339123121381784,1
0.442108972681575,0.11408971060857,-0.0284130451085353,1
0.462551250391332,0.113508726898531,-0.0237596517350797,1
0.483051458519099,0.113021557416993,-0.0191702193822511,1
0.503606375215703,0.112627466877614,-0.0146784622707673,1
0.524211495139209,0.112324993678572,-0.0103950632983624,1
0.544860984564964,0.112110333196976,-0.00572969767388636,1
0.56556210538925,0.111991720735146,-0.000994583135162984,1
0.586316771217308,0.111971078487731,0.00298225046707532,1
0.607111032828834,0.112033092367982,0.00660481369749131,1
0.627940784421626,0.11217067099718,0.0102239739110743,1
0.648810807414959,0.112384053002754,0.0136822314253911,1
0.669723435754689,0.112670202279679,0.0169619379366482,1
0.690679121138899,0.113025685406941,0.0201199841164148,1
0.711677453469779,0.11344822853854,0.0231836639924966,1
0.732716464487903,0.113936077307206,0.0261541935690618,1
0.753792816433746,0.114487438019393,0.0289948813945995,1
0.774902061232236,0.115099669646623,0.0316490138933434,1
0.796038730623041,0.115768847834446,0.0340598902982009,1
0.817196787406251,0.116489767722951,0.0362592783468534,1
0.838371810705841,0.117257895444483,0.0383146847188406,1
0.85956165095889,0.118070175011474,0.0402979628802072,1
0.880766184378934,0.118925137360714,0.0422461395815703,1
0.901986431292655,0.119822144577741,0.0441068435421209,1
0.923222894516707,0.1207594258173,0.0458241708200506,1
0.944475470654753,0.121733989739651,0.0473939072877111,1
0.965744146510869,0.122742750791556,0.0487300854704358,1
0.987028209865604,0.123780746763846,0.0496763555344601,1
1.0083254780161,0.124839588553912,0.0507057143403765,1
1.02964021855763,0.12592129490538,0.0519701209434656,1
1.05098205752777,0.127031432492275,0.0521397244570901,1
1.07235337443856,0.128146737922021,0.0514919115186472,1
1.09374817966903,0.129249372026459,0.0514504781417036,1
1.11515563049274,0.130351768515757,0.0516167081382975,1
1.13657270558231,0.13145823024738,0.0515059451825151,1
1.1580021776998,0.132562952528432,0.0512904975772476,1
1.17944475536227,0.133663718442596,0.0509934027260026,1
1.20090059882605,0.134758774241519,0.0505788150017826,1
1.22237048047893,0.135845622369467,0.0501003649869081,1
1.24385582715164,0.136922947609351,0.0495056962592759,1
1.26535642424103,0.137988220041992,0.0487496760915311,1
1.28687093624196,0.139037877179289,0.0482999059331324,1
1.30840846353966,0.140078947412028,0.0481399149258849,1
1.32997756225489,0.141118084830076,0.0474443942433212,1
1.35156789308896,0.142143194277184,0.0463690307091059,1
1.37317243860744,0.143145694702509,0.0453873666448492,1
1.39479472262916,0.144127747675044,0.0444187142999805,1
1.41643625502692,0.145089669433851,0.0434121790524923,1
1.43809712108249,0.146030606005545,0.0424072099403653,1
1.45977819369066,0.146950591361304,0.041392497127907,1
1.48148048463414,0.147849416766313,0.0403806663729329,1
1.50320446543506,0.148727122701106,0.0394113384404675,1
1.52495011901028,0.149584592015512,0.0383599280232287,1
1.54671997116095,0.150420091825518,0.0373455952574825,1
1.56851447697282,0.15123439922335,0.037017327914891,1
1.59032240705309,0.152042039454423,0.0368614478455334,1
1.61213841801921,0.152846573629179,0.0360034146662037,1
1.63397180639599,0.153632989990163,0.0354285678917312,1
1.65583605767804,0.15440793336027,0.0351253051083754,1
1.67773477241646,0.155177448895741,0.0336230214351309,1
1.69964611011832,0.155914452023102,0.0322094689595346,1
1.7215541080986,0.156620341129091,0.0321456506170893,1
1.74346086983184,0.157324790900683,0.031974139302412,1
1.76537478826702,0.158025708457662,0.0313847627870806,1
1.78730043332956,0.158714065653124,0.0309701914635764,1
1.8092352962365,0.159393609833198,0.0305805863874993,1
1.83117668467522,0.160064799596872,0.0301721656837482,1
1.85312408533963,0.160727201226137,0.0298971600492979,1
1.87507843198033,0.16138376947545,0.0293108264364761,1
1.89703011315313,0.162027375715492,0.0282478404288477,1
1.91896576746362,0.162647175441359,0.0275562904218589,1
1.94089064723858,0.163251496767274,0.0272791469273013,1
1.96281100539714,0.163849613808843,0.0269481109451587,1
1.98472252994513,0.164440230979126,0.0266195900242442,1
2.00662079526839,0.165023291550187,0.0262321954626801,1
2.02850450623598,0.165597481045084,0.025561679734508,1
2.05037447398268,0.166156635945574,0.0252170719381469,1
2.07221814740866,0.166707586217925,0.025440328544741,1
2.09402025016214,0.1672623585649,0.0247901000820368,1
2.11579841353887,0.167802352036638,0.0239208877625518,1
2.13755830906066,0.168322967359164,0.0245265918659438,1
2.15926918022314,0.168855567835434,0.0253237208342524,1
2.18092492967139,0.169404089247849,0.0253327980873984,1
2.2025373898099,0.169951710487153,0.0250506057260384,1
2.22410573295413,0.170492123594477,0.0250965250781228,1
2.24561722265131,0.171032100605467,0.02561214341496,1
2.26705850616574,0.171581377944421,0.0258527328196136,1
2.28843436143326,0.172134125370386,0.0258395463923734,1
2.30975053476754,0.172685048239414,0.0260411282310925,1
2.3310025977407,0.173238601070969,0.0263733593638303,1
2.35218720436161,0.173797439887913,0.0267042499176425,1
2.37330290873909,0.174361453010278,0.0270123665384791,1
2.39434789922789,0.174930066313522,0.027297553311862,1
2.41531985689135,0.175502691684784,0.0274939854437447,1
2.43621734129379,0.176077391632969,0.0274450561580809,1
2.45704187300719,0.176649065616727,0.0276350232017204,1
2.47778823342698,0.177222537761554,0.0286101161832313,1
2.49844326346949,0.177813641860176,0.0294480542154743,1
2.51900749961542,0.17841939371145,0.0299995017142932,1
2.53949240257787,0.179034115014319,0.0314105929763593,1
2.55991095273168,0.179675684792584,0.0325540151469994,1
2.58025725370682,0.180338272661487,0.0324698369896521,1
2.60050802955044,0.180996043228672,0.0332195249197191,1
2.62065665082133,0.181665617173037,0.0347967246269813,1
2.64071057281911,0.182363709750198,0.0356703477058374,1
2.66068044921387,0.18307634445637,0.0362998147009635,1
2.680570142878,0.183798653935463,0.0371911892912881,1
2.70037970539929,0.184535734996026,0.0382354781736481,1
2.72011127569469,0.185290548891085,0.039491861799993,1
2.73976739339544,0.186067209378584,0.0409599442226506,1
2.75935040929542,0.186869777495166,0.0424900106537106,1
2.77886300500692,0.187699367202292,0.0439145035000718,1
2.79830806678426,0.188553836783267,0.0451012395243932,1
2.81768861652683,0.189428516748291,0.0460517563683129,1
2.83700806961844,0.190318840973506,0.0468463847915983,1
2.85626969366525,0.191221839090315,0.0476079698042482,1
2.87547630194316,0.192136918169714,0.0483025064572159,1
2.8946334768969,0.193062978055357,0.0491444516026452,1
2.91374537583209,0.194002978725525,0.0509588371049183,1
2.93280382146913,0.194975016494806,0.0534192331361433,1
2.95180713853196,0.19599112583137,0.055441965861626,1
2.97077024561255,0.197043556312131,0.0574113591140843,1
2.98970262319565,0.198131685617887,0.0591576444306823,1
3.00860416013726,0.199251162241088,0.0596972941785549,1
3.02746813581924,0.200378630209421,0.0603105657826626,1
3.04629034044281,0.20151518637678,0.0621059264764225,1
3.0650739778778,0.202683263783673,0.0636996855236422,1
3.08383071781541,0.203879680870966,0.0648089071320788,1
3.10257029824224,0.205095875827291,0.0660823525832334,1
3.12129439823007,0.206335012649314,0.0673506855129679,1
3.14000521701585,0.207597108034926,0.0684085444518242,1
3.15870615897898,0.208878411596135,0.0693716589925469,1
3.17739991309455,0.210177312622877,0.0703519319230917,1
3.19608891444427,0.211494293443268,0.0714536843975028,1
3.21477551247501,0.212831796761831,0.0726855186727149,1
3.23346195939356,0.214192427847714,0.0738959636743871,1
3.2521508749758,0.215575982544413,0.0749089444642802,1
3.27084525519176,0.2169789840602,0.0756073717042451,1
3.28954745345639,0.218395708702274,0.0759275533277956,1
3.30826002965768,0.219819245441589,0.0758115447056559,1
3.32698640669876,0.221241647088989,0.0759102151883987,1
3.345718488429,0.222666341029385,0.0765826643791291,1
3.36444260408878,0.224103093599123,0.0768300550747058,1
3.38316507337042,0.225544378962427,0.0765986567615957,1
3.40189622006149,0.226981972362201,0.0765800515661159,1
3.42063753392802,0.228419995341491,0.0767530572154195,1
3.43939142077545,0.229862246720843,0.076981006938428,1
3.45816105209797,0.231310012827451,0.0772609952144419,1
3.47694776972559,0.232764388329611,0.0775842635208928,1
3.49575106303282,0.234226162130681,0.0778190889002376,1
3.51457090465895,0.235693668569592,0.0776822450559589,1
3.53341030186533,0.237160106181966,0.0774161214021314,1
3.55226587457955,0.238622754665335,0.0775203185488832,1
3.57112555373993,0.240087698655916,0.0774262084514423,1
3.58999066363441,0.241551278387829,0.0767760450383329,1
3.60887269346463,0.243003821116623,0.0757819350400887,1
3.62778287169794,0.244439620619775,0.0751272665361765,1
3.64672081375052,0.245865059225243,0.0753329135875175,1
3.66567410014933,0.247295572613404,0.0753008741459798,1
3.68464127922062,0.248726523403202,0.0753221373002602,1
3.70362277945613,0.250158960536504,0.076704710870962,1
3.72261424877057,0.251618559394174,0.0772037035453686,1
3.74162557670119,0.253089227410472,0.0760836148303673,1
3.76066266898614,0.254540439507055,0.0763529886143894,1
3.779701386565,0.255996933941042,0.0774937335203949,1
3.79873211574311,0.25747465542474,0.0778285153829839,1
3.81776923813155,0.258959285213607,0.0781253730397217,1
3.83681537887492,0.260450306819414,0.0785879513091836,1
3.85586801598777,0.261950704661775,0.078859358456814,1
3.87492757043031,0.263456852335675,0.0800759288154298,1
3.89399252908067,0.264986768024669,0.0823687247000661,1
3.9130620892955,0.266561065320944,0.0837879260822522,1
3.9321349999218,0.268162895206602,0.0844193796994282,1
3.95121089339282,0.269777106754121,0.0854000020348397,1
3.97029027466912,0.271410458651675,0.0871968072029103,1
3.98936262791114,0.273077734694302,0.0894321789286187,1
4.0084208930294,0.274786715509838,0.0913200994052688,1
4.02747312947394,0.276531420241604,0.092499241297934,1
4.0465337312218,0.278299557111728,0.0935303581150954,1
4.06560750303886,0.280088754121071,0.0962080584871107,1
4.08466866407042,0.281928270436878,0.0994899516606047,1
4.10371086772264,0.283829053977294,0.101634073774837,1
4.12275866152748,0.285771652148205,0.104050870951508,1
4.14181171354455,0.287761324444112,0.107807265884451,1
4.16085065299428,0.289821849396555,0.112596357878344,1
4.17986060821156,0.291971392731436,0.116609924347091,1
4.19885573523813,0.294196507823574,0.119489424320917,1
4.21785363142397,0.296477421265316,0.123479654960081,1
4.23683085689937,0.298832705219567,0.128000947131731,1
4.25577406315539,0.301270783484062,0.131645154527593,1
4.27469741825607,0.303776442974451,0.135141817499941,1
4.29360641735283,0.306347510639257,0.139463573936448,1
4.31249362501657,0.308998799720996,0.144933145958549,1
4.33134573520882,0.311750388667535,0.150448379695582,1
4.35016516649688,0.314603299100662,0.155332059769301,1
4.36896243913963,0.317546830233938,0.160139218625329,1
4.3877364267063,0.320579248041467,0.164955624321631,1
4.40648453872937,0.323700213578911,0.169670872426572,1
4.42520667676922,0.32690765311628,0.175108935600246,1
4.44389130566027,0.330213355603658,0.181090606738988,1
4.46252872437085,0.333625801236105,0.18641172086851,1
4.48112676543635,0.337133417616766,0.191840407210193,1
4.49969791141184,0.340740472610603,0.198093527900418,1
4.51824708992072,0.344463774797723,0.204210159281533,1
4.53676137458125,0.348298026976048,0.209722758685959,1
4.55523392028127,0.352229956822369,0.215111430354874,1
4.57366618093231,0.356257257582564,0.221062863991163,1
4.59204514336565,0.360387666578458,0.227029684862128,1
4.61036537190151,0.36461986605776,0.232015845297847,1
4.62864080945042,0.368937817020436,0.237444606040746,1
4.64686600762158,0.373348496546727,0.243817795604166,1
4.66502886645464,0.377866815279623,0.249561503213833,1
4.68314174502924,0.382483333158255,0.255377747780543,1
4.7012054773273,0.387199380371211,0.262221916546419,1
4.71920510589881,0.392030518635299,0.268471434701598,1
4.73714886835551,0.396967084268841,0.27411677064976,1
4.75504371401514,0.401999030966649,0.280499428257203,1
4.77287551213325,0.407136285131154,0.286760866824523,1
4.79064291077183,0.412375688478861,0.29197962148166,1
4.808358224034,0.417700379670287,0.296046945299213,1
4.82603490430749,0.42309194743557,0.300182952070639,1
4.84366925300355,0.428550425881699,0.305849825335397,1
4.86123815111219,0.434097937776967,0.31202954031744,1
4.87873165334289,0.439740760021434,0.31811931160494,1
4.89615735342423,0.445479103685729,0.324360644113307,1
4.91353421027169,0.451321827916263,0.329646367934027,1
4.93087368555049,0.457254179021922,0.333805808212869,1
4.94817031023785,0.463252350213261,0.33917164826941,1
4.96540069234896,0.469331317717876,0.344968153976813,1
4.98255900266452,0.475496926318886,0.349552341787686,1
4.99966102054489,0.481730975611442,0.354788475744454,1
5.01669904502304,0.488042959823596,0.360822631420796,1
5.03366563227386,0.494445171284768,0.365914858549208,1
5.05057553180492,0.50092455218453,0.370900097003359,1
5.06742895305605,0.507478831348087,0.376486637352381,1
5.084213713343,0.51411459505642,0.382029091637184,1
5.10092658888796,0.520829284057367,0.386885322608397,1
5.11757585796147,0.527612506063432,0.391030351459443,1
5.13417266881595,0.534454705180032,0.396084867968667,1
5.15070800376949,0.541369548179894,0.401859114495821,1
5.1671754207854,0.548367976191045,0.406803576521681,1
5.18358867770548,0.555439401798885,0.411226078536847,1
5.19995634135388,0.562577170879912,0.415657880374168,1
5.21627844125127,0.569781330168931,0.420574935616492,1
5.23254651458798,0.577057426339113,0.426004905430957,1
5.24874988572875,0.584410426160561,0.431258917965173,1
5.26488570463279,0.591835252470498,0.43547986455344,1
5.28096332621972,0.599315691695022,0.439169538800536,1
5.29698745937755,0.606843291100043,0.443673438339935,1
5.31294683373561,0.614428397431461,0.448538547169141,1
5.32883784806684,0.62207600948871,0.453319519647863,1
5.34466371353632,0.629785671006612,0.458451243879774,1
5.36042254227007,0.637562988934755,0.463713958839598,1
5.3761158018553,0.645410920327109,0.46842193577911,1
5.39175312697048,0.653323129030451,0.472777221460269,1
5.40733943727352,0.661294976056348,0.477470473243367,1
5.42286900606255,0.669329974126006,0.482845551301448,1
5.43833071008801,0.677435509876713,0.488361581390893,1
5.45372142008104,0.685612369835959,0.493800356318048,1
5.46904224343831,0.693859257337202,0.499643159827093,1
5.48428906285956,0.702181569697415,0.505326431869915,1
5.49946517696856,0.710577585241671,0.510179046886382,1
5.51458155865024,0.719036618809803,0.515965483707739,1
5.52962591549451,0.727570033886006,0.522354934661864,1
5.54458973119511,0.736184597896311,0.526772800420356,1
5.55949743818324,0.744854772486945,0.531443386737789,1
5.57434637460223,0.753583831939607,0.538381240484005,1
5.58910976692821,0.762400992651235,0.545737803208994,1
5.60378495999655,0.771312593373995,0.553075601240963,1
5.61837385324785,0.780318972729421,0.560812125023796,1
5.63287169845047,0.789424800440997,0.56784933616151,1
5.64728582544777,0.798620126707833,0.574376828424604,1
5.66162078477504,0.80789715290724,0.582133084119193,1
5.67586101931674,0.817270380327035,0.59014549004933,1
5.69000465286666,0.82674331057174,0.597484982377481,1
5.70406271058911,0.836309129838385,0.604968630171406,1
5.71803585219215,0.8459709412011,0.613091534156369,1
5.73191742900809,0.855737054597931,0.622173930617306,1
5.74569548604071,0.865618622300047,0.631748912168211,1
5.75936281138924,0.875620327260285,0.641064696437522,1
5.77292171345737,0.885737980551287,0.64952641064473,1
5.78638242125842,0.895960814515572,0.658265005983925,1
5.79974243980605,0.906292498957324,0.668302897400249,1
5.81298769362899,0.916749568091718,0.67889074277945,1
5.82611348254793,0.927339827117748,0.689304538576616,1
5.83912388410668,0.938062578287644,0.699116893518762,1
5.8520280531656,0.948912143949134,0.708894303481539,1
5.86482858126717,0.959889978182444,0.719134276079834,1
5.87752243411368,0.971003920861158,0.729448316213735,1
5.89011155149876,0.98225764138245,0.740199772758189,1
5.90259280103862,0.993658712787347,0.751902362996829,1
5.91495470099267,1.00521901947274,0.763896684715608,1
5.92719150485942,1.01694060317961,0.775290014207761,1
5.93930651009036,1.02881313059346,0.785716427955637,1
5.95130872432318,1.04082298701761,0.796584535662029,1
5.96319289427178,1.05297605770455,0.808503568723924,1
5.97494885803559,1.06528822435875,0.820558533537226,1
5.98657883466913,1.07776619480843,0.832029240982922,1
5.99809285644348,1.09040741886129,0.842704070793902,1
6.00950242027923,1.10320575917549,0.853143158452472,1
6.02081120963747,1.11616082233449,0.863965255421082,1
6.03201428731543,1.12927866547226,0.875532019217329,1
6.04310112621767,1.14256865098914,0.887367431924841,1
6.05406590090292,1.1560331283988,0.898866503709904,1
6.06490970497869,1.16966627241525,0.909512169255065,1
6.07564195600915,1.18345802126041,0.919687443239852,1
6.08626981817739,1.19740615975218,0.930043682634387,1
6.09679454453541,1.21151977630537,0.940160605413979,1
6.1072227224332,1.22580321289994,0.95029934227817,1
6.11755461258696,1.24026029263892,0.961245288464272,1
6.12777731363537,1.25490073569714,0.971521557817788,1
6.13789425880919,1.26971167116864,0.980888335094945,1
6.1479130391524,1.28467797701048,0.991184485113575,1
6.15782002574944,1.2998120703526,1.0013610662421,1
6.16761752214788,1.31511654342412,1.01032350286872,1
6.17732371100828,1.33058190172667,1.01989418442384,1
6.18693156431069,1.34622102889068,1.02983164143895,1
6.19643502907275,1.36204058137147,1.0386618551778,1
6.20584629589201,1.37802472060576,1.04762546012454,1
6.21516207094096,1.39417607334337,1.05751568277187,1
6.22436551991319,1.41050369015465,1.06763740728765,1
6.2334432195257,1.42699626563739,1.07731714092757,1
6.24239419626089,1.44363792934153,1.08622342061638,1
6.25122822117287,1.46041870944184,1.09465149439938,1
6.25995627218803,1.47734270154666,1.10309096767982,1
6.26858188148095,1.49442032515435,1.11202003649878,1
6.27709650974479,1.51165901107284,1.12143186305376,1
6.28548381878489,1.52905027205406,1.1307066440093,1
6.29373856680475,1.54658036701543,1.13892898173953,1
6.30187944282641,1.56424401425292,1.14718768434957,1
6.30990724457149,1.58204765563651,1.15642443614471,1
6.31780208024849,1.5999970362103,1.16527671182633,1
6.32555837746332,1.61806372691275,1.17372949990002,1
6.33317681518285,1.63623141350067,1.18279654874481,1
6.34065200386416,1.65452074001544,1.19159362592568,1
6.34798881490361,1.6729323393915,1.19978548741079,1
6.3551915238353,1.69144703813204,1.20834966553979,1
6.36224512631785,1.71004837260075,1.21757946250314,1
6.36913767796528,1.72874367366168,1.22718168216319,1
6.37586662010839,1.74754963231871,1.23613220418503,1
6.3824388972787,1.76644935816265,1.24476972534178,1
6.38885618841716,1.78543029909799,1.25428391175188,1
6.39510291958321,1.80450293221533,1.26403793687789,1
6.40116708141135,1.82364745755933,1.27335367606053,1
6.40704992238924,1.84283878685595,1.28243238499494,1
6.41275925017765,1.86208596726091,1.29176292006027,1
6.41828771388593,1.88138197931497,1.30161322613838,1
6.42361891571557,1.90070640939083,1.31200483862823,1
6.42874531264041,1.92007118545711,1.32242226543418,1
6.43366890149609,1.93948514969782,1.33220560158177,1
6.43839813289102,1.95892911998283,1.34229679985931,1
6.44292176368583,1.97838047781294,1.35298473855186,1
6.44722654208691,1.99783071250378,1.36338547794536,1
6.45132124666132,2.01728879992974,1.37391382581548,1
6.45520226141298,2.03674577775698,1.38511221344036,1
6.45885346551512,2.05618279083744,1.39680670037107,1
6.46226840211643,2.07561157802473,1.40843379192822,1
6.46545081914483,2.09503972525169,1.41943446444498,1
6.46841092141007,2.11444660816693,1.43082374175114,1
6.47113906757259,2.13380972801041,1.44283309938668,1
6.47362394522316,2.15312230649686,1.45441156020321,1
6.47587731733519,2.17239620884874,1.46626814415111,1
6.4778949402129,2.19162804844837,1.47889320312691,1
6.47966221900273,2.21080367957203,1.49094576617004,1
6.48119268306532,2.22992952995648,1.50305356504706,1
6.48248720030074,2.24900959667995,1.51661819300185,1
6.48351905998051,2.26803664346687,1.52972512045263,1
6.48429870693623,2.28700877978523,1.54188443162954,1
6.48484555630917,2.30591784787912,1.55504704595758,1
6.48514209014117,2.32474469573669,1.56843961612367,1
6.4851862680142,2.34349022601449,1.58117344989674,1
6.48499245362468,2.36216663860221,1.59450475018994,1
6.48455143320622,2.38076499822583,1.6079177781471,1
6.48386372516139,2.39928238111478,1.62027267116102,1
6.48295020176762,2.41773115449362,1.63335458774964,1
6.48179896053832,2.43610984680016,1.64732235680521,1
6.48039559915822,2.45441238829163,1.65988102031046,1
6.47876756031442,2.47263919863536,1.67214440494736,1
6.47692254848939,2.49078153104997,1.68540776952929,1
6.47484466542555,2.50883188300568,1.69814525295255,1
6.47254331780677,2.5268052835162,1.710429336765,1
6.47002697905953,2.54470909758383,1.72336256843284,1
6.46728677532096,2.5625302741337,1.73648041852331,1
6.46432219667247,2.58025920480175,1.74908289625641,1
6.46114375757197,2.59789761021396,1.76077579084795,1
6.4577670112817,2.61545752644029,1.77241030880637,1
6.45419427346781,2.63293745336149,1.7848941346676,1
6.45041348025854,2.65032599229232,1.7981552972466,1
6.44640995157288,2.66763037298427,1.81107197497944,1
6.44218798452,2.68486226712893,1.82240972310376,1
6.43777711430161,2.70202109886302,1.83353701652309,1
6.43318415028489,2.71909795976195,1.84535556661998,1
6.4283994489951,2.73608469345099,1.85722815712554,1
6.42342349486213,2.75297919468759,1.86846309710279,1
6.41826635235415,2.76978966374391,1.87900537458388,1
6.41293807070697,2.78652663921216,1.89007248497384,1
6.40743161964705,2.80318326307502,1.90180824194894,1
6.40173827772809,2.81975024760877,1.91347187304304,1
6.39585979739522,2.83622811478996,1.92432811323626,1
6.38980804558513,2.85262692363958,1.9347004464341,1
6.38359039383975,2.86895193177616,1.94599176847033,1
6.37719522104224,2.88518942110989,1.95808172995835,1
6.37061280781542,2.90132732871288,1.97007170428629,1
6.36384548245237,2.91736595063553,1.9810654306164,1
6.35690677798192,2.93331878575368,1.99150002280232,1
6.34980496087287,2.94919171769183,2.00264377759525,1
6.34253221996871,2.96497255660584,2.01460878202897,1
6.33507277157442,2.98066191543456,2.02676250220788,1
6.32741893676045,2.99626813970899,2.03799168320057,1
6.31959009236202,3.01178793255531,2.04916583827985,1
6.31159303803291,3.02721017844469,2.06130078105088,1
6.30341446102136,3.04252482485104,2.07363175247184,1
6.29505210021998,3.05772939754101,2.08528371648902,1
6.28651533505279,3.07283163322285,2.09597729997186,1
6.27781575344765,3.08784484316472,2.10740896168371,1
6.26894284111,3.10276145153067,2.11979926365002,1
6.25988337044533,3.11757094028764,2.13128220169516,1
6.2506483937406,3.13228506608884,2.14257438060765,1
6.24124068284204,3.14690511858131,2.15475870051916,1
6.23165012879638,3.16141764932093,2.16734062161891,1
6.22187289806127,3.17581550180301,2.17914034074353,1
6.21191930879341,3.19010725592171,2.18914574387886,1
6.20181164152702,3.20431498936889,2.19915941879255,1
6.19154907550236,3.21843887612466,2.21040486498553,1
6.18111552481674,3.23246368100183,2.22249925703808,1
6.17049998522556,3.24637849259818,2.23542298569015,1
6.15969211651171,3.26017204184287,2.24853859891993,1
6.14868986340315,3.27384055693041,2.25984941377497,1
6.13751608963081,3.28740515291057,2.27022921827996,1
6.12618252588302,3.30087633133761,2.28218473749069,1
6.11466915486777,3.3142337515857,2.29465981922133,1
6.10296912037376,3.3274701829907,2.30652204343115,1
6.09109014764975,3.34059202997141,2.31769886708305,1
6.0790415787362,3.35360586874804,2.32836374194166,1
6.06683111040658,3.36651563248827,2.33913102777795,1
6.05445807214044,3.37931829711216,2.35078002497236,1
6.04191089450417,3.39200208828653,2.3624014394819,1
6.02918818250822,3.40456783409152,2.37263330500342,1
6.01630553039555,3.4170337482774,2.3830979197223,1
6.00325897283601,3.42939654216479,2.39433085462329,1
5.99003885807726,3.44164491043076,2.40444857820756,1
5.97666067051435,3.45379051391256,2.41439367156469,1
5.96312784659043,3.46583318228416,2.42529821953444,1
5.94942867401138,3.47775876467534,2.4353250284411,1
5.9355743409638,3.48957733612657,2.44463820738682,1
5.9215736243212,3.50129727252619,2.4549781158499,1
5.90741305871537,3.51290412699869,2.46498047065506,1
5.89309727549805,3.52440075226286,2.47402164767566,1
5.87863956728264,3.53579788173752,2.48388512132957,1
5.86402966710367,3.54708312556912,2.49381162453715,1
5.84926646995116,3.55825456901018,2.50249000433544,1
5.83436538265597,3.56932831143776,2.51054035201194,1
5.81933318377578,3.58031275526867,2.51874830169922,1
5.80416702299935,3.59120527055085,2.52776951863087,1
5.78885640679256,3.60199351082613,2.53650368559017,1
5.77340689837097,3.61267891302746,2.54443734258853,1
5.75783163545466,3.62326960558926,2.5530407315056,1
5.7421234227497,3.63375421580006,2.56233205372138,1
5.7262740971322,3.64412145266477,2.57140352698415,1
5.71028725422865,3.6543727824538,2.57952121283085,1
5.69417672083638,3.66451982380479,2.58728304983205,1
5.67794851478357,3.67456590343195,2.59605305627183,1
5.6615900606707,3.68449523726245,2.60459058322039,1
5.64510622265463,3.69430908453246,2.61227953649262,1
5.6285103462737,3.70401758416928,2.62083040184308,1
5.61179142458657,3.71360712982623,2.62977568874302,1
5.5949457138479,3.72307015065808,2.63775881425807,1
5.57798873309714,3.73241838148757,2.64542591156931,1
5.56092387865976,3.74165619447699,2.65338422836354,1
5.54375593879862,3.7507738994887,2.66141521854709,1
5.5265052504773,3.7597586857413,2.66984903638799,1
5.50916512372507,3.76860494848337,2.67883848693302,1
5.49171504939876,3.77731050604915,2.68731485115358,1
5.47416373517784,3.78588155023943,2.69530241313217,1
5.45652127065961,3.79432325473659,2.70356390157042,1
5.43878412815388,3.80263088198908,2.7118107525685,1
5.42095450035795,3.81080321807743,2.72015118137686,1
5.403034050477,3.81883700238639,2.72937325998534,1
5.38501304523673,3.82671709065674,2.73836028278548,1
5.3668989515044,3.83444471912484,2.74654972899344,1
5.34870835637129,3.84202951003113,2.75548053434641,1
5.33043451779657,3.84945814233416,2.7647678777368,1
5.31207478251303,3.85672374325111,2.77327507594151,1
5.29364212716869,3.86383743764687,2.78155397568716,1
5.27513980877162,3.87080258008623,2.79030315192331,1
5.25656089632821,3.87761157511164,2.79983244338625,1
5.23789545842823,3.88425121815618,2.80918769209252,1
5.21915009022121,3.89072238558725,2.8176890458413,1
5.20034292657435,3.8970364645488,2.82593386636246,1
5.18148091565442,3.9031963886926,2.83480651094818,1
5.16255588979247,3.90919160045418,2.84443112218373,1
5.14355502764654,3.91501021339866,2.85283740395958,1
5.12449184529767,3.9206730783797,2.86028234848445,1
5.10538858903296,3.92619341343749,2.86877793963492,1
5.08625183680762,3.93154770090998,2.87785029015,1
5.06707216640857,3.93672684014418,2.88681573773369,1
5.04783716548321,3.94173633727991,2.89533987007278,1
5.02855535742243,3.94658290043027,2.90293029263182,1
5.00924398896037,3.95128134518728,2.90981050638644,1
4.98991175735716,3.95584421580284,2.91760189663172,1
4.97054207309278,3.9602568914458,2.92603941438256,1
4.95112379272874,3.96450861918104,2.93336828200537,1
4.93167537454725,3.96861781419646,2.93990950683372,1
4.91221071710418,3.97259761537647,2.94655788105993,1
4.89272928812793,3.97644609248521,2.95387112851905,1
4.87322144628704,3.98015176544002,2.96132076671836,1
4.85368636732983,3.9837120420344,2.96797467643006,1
4.83413740671158,3.98714061181661,2.97411791140838,1
4.81458106954516,3.99044677245951,2.98024600516223,1
4.79501349926566,3.99363161918855,2.9867016876965,1
4.77542457214452,3.99669026646046,2.99280341693816,1
4.75581773966475,3.99962927231103,2.99807830312951,1
4.73620655768656,4.00246324161474,3.00314687729755,1
4.71659519532273,4.0051958329897,3.00861273848876,1
4.69697658389947,4.00782020202038,3.01458538939234,1
4.67734007661386,4.01032767818034,3.01985033831513,1
4.65769506064351,4.01273119398004,3.02438675080042,1
4.63805047566046,4.01504425669726,3.02942805303193,1
4.6183933452551,4.01725838391033,3.03426553820306,1
4.59872346130323,4.0193776393828,3.03817136592607,1
4.57905389805871,4.02141917486598,3.04173161626676,1
4.55938740869989,4.02338964524502,3.04556625005389,1
4.53971567939585,4.02528447837463,3.04986486291078,1
4.52002699697482,4.0270955600389,3.05366617571768,1
4.50032698431776,4.02883219040856,3.05670345599982,1
4.48062519017548,4.03050868888798,3.05961931587691,1
4.46091827064065,4.03212775900026,3.06225996439581,1
4.44120466291589,4.03369498175899,3.06462536106465,1
4.42148310681998,4.0352159010132,3.06748222059164,1
4.40174039336003,4.03668172665163,3.07045828805114,1
4.38197224525719,4.03809029796292,3.07280681119004,1
4.36218987852389,4.03945319491372,3.07504873783797,1
4.34239367262333,4.04077245982225,3.07732214974365,1
4.32257881507056,4.04204772709906,3.07924002713138,1
4.30274540505731,4.04328599745758,3.08127108529523,1
4.28288392324629,4.04448552844991,3.08366006273024,1
4.26298236190994,4.04563976903096,3.08547544671676,1
4.24304855025864,4.04675957458518,3.08706602930533,1
4.22308731766074,4.04784907317796,3.08897682206265,1
4.20309251151421,4.04890208844049,3.09005592790064,1
4.18307170760616,4.04993480959571,3.09092767239047,1
4.16303088051025,4.05095104741319,3.09344574650097,1
4.14295778783929,4.05191825222364,3.09580193422679,1
4.12284623864282,4.05283981872938,3.09677186485869,1
4.1026985518008,4.05374345913447,3.09786197280742,1
4.08251101889956,4.05462683687912,3.09891314316562,1
4.06228739764055,4.05549049559362,3.09927691009445,1
4.04203873887867,4.05634784443429,3.09994304667953,1
4.02175730209107,4.05719304708205,3.10103504211502,1
4.00143319083754,4.05801779675514,3.10189976144633,1
3.98106971849081,4.05882650662568,3.10309925783117,1
3.96066066999401,4.05961250846206,3.10490374005114,1
3.94019584352416,4.06036367778501,3.10632931892395,1
3.91968495218996,4.06108726016085,3.107302099622,1
3.89913767139169,4.06179211408925,3.10831407640024,1
3.87855214399327,4.06247742415579,3.10921398601714,1
3.8579280049065,4.06314543975988,3.10990525731071,1
3.83726693068603,4.06380035461899,3.11050072501679,1
3.81657000003302,4.06444406955003,3.11107000187143,1
3.79583845385382,4.06507704789353,3.11165305455834,1
3.77507392696825,4.06569891532343,3.1122452814305,1
3.75427819679433,4.06630939062723,3.11282872052988,1
3.73345321695827,4.06690856420717,3.11338184828121,1
3.71260108925733,4.06749697562595,3.11387008481054,1
3.69172396866971,4.06807589135174,3.11433569442655,1
3.67082433601403,4.06864569290235,3.11483038631455,1
3.64990473483257,4.06920568255858,3.11506373465904,1
3.62896658668028,4.06976127933955,3.11529533966464,1
3.60801342849626,4.07031241817034,3.11676041953581,1
3.5870524278777,4.07083303365886,3.11823638946829,1
3.56608171879455,4.07132292016242,3.11795887807909,1
3.54509398279774,4.07181903197552,3.11764420380484,1
3.52409917609556,4.07232192119364,3.11813135935605,1
3.50311033307523,4.07281443698422,3.11852925606804,1
3.48212857345976,4.07329843346583,3.11867901703203,1
3.46115622496172,4.07377907035704,3.11883636246222,1
3.44019635980681,4.07425612150013,3.118961299505,1
3.41925116422325,4.07473022058159,3.11895943584038,1
3.39832405732062,4.0752039492429,3.11894317114412,1
3.3774165099308,4.07567757536317,3.1189410335814,1
3.35652914181997,4.07615078902603,3.11892116326739,1
3.33566288658618,4.07662393919824,3.11889091395511,1
3.31481843252013,4.07709722587583,3.11887580212687,1
3.29399622748533,4.07757032219883,3.11889228383429,1
3.27319648679171,4.07804256512284,3.11895093639479,1
3.25241903968541,4.07851308261018,3.11906116840298,1
3.23166410434362,4.07898080127964,3.11915513575273,1
3.21093153962459,4.07944606665103,3.11899878697538,1
3.19021808333919,4.07991414337055,3.11885550072474,1
3.16952606029921,4.08038470215382,3.11930984657541,1
3.14886740046155,4.080845111288,3.1195470481541,1
3.12824131992433,4.08129989940059,3.11936171105232,1
3.10763551889229,4.08175806125855,3.12017505687571,1
3.08703811520295,4.08219927560984,3.12076566948952,1
3.06644732390837,4.08262818170911,3.11950446199496,1
3.04587449272841,4.08308267226179,3.11915326225675,1
3.02533282134041,4.08354369224586,3.12030812567341,1
3.00482767064134,4.08398020061763,3.12071651142599,1
2.98434998056194,4.08440775790044,3.12106296204486,1
2.96388669993902,4.08482792176986,3.12213304111939,1
2.94342934756216,4.08522606417628,3.12278888406195,1
2.92298607357091,4.08561052010207,3.12294062885342,1
2.90256466084496,4.08599146497507,3.12322854861886,1
2.88216186729392,4.08636618614218,3.12363278642653,1
2.86177623411635,4.08673234877636,3.12397192155414,1
2.84140660290808,4.08709131374201,3.12421337169489,1
2.82104961484434,4.0874451391999,3.12490124817226,1
2.80071315118836,4.08778461488645,3.12610441899465,1
2.78040703631232,4.08809914590823,3.12690330470556,1
2.7601221711677,4.08839713880305,3.12734946394132,1
2.73985068404797,4.08868588896492,3.1279210258949,1
2.71959473065062,4.08896283807376,3.12854148685824,1
2.69935500620715,4.08922700509102,3.12913837857256,1
2.67913081323855,4.08947889577589,3.12974227700164,1
2.65892216359083,4.08971838709536,3.13039130627295,1
2.63872990537559,4.08994457705285,3.13103943091403,1
2.61855397804493,4.09015750601139,3.13155554951711,1
2.59839166170915,4.09035988407493,3.13236991083391,1
2.57824898381111,4.09054566007894,3.13382383753535,1
2.55813882098515,4.09070189537794,3.13504141592028,1
2.53805617624888,4.09083346343889,3.13579654651508,1
2.51799144461666,4.0909497620742,3.13664372876201,1
2.49794614030605,4.09104896558828,3.13759210262477,1
2.47792182840777,4.09112907429593,3.13854092858849,1
2.45791790147844,4.09119012096938,3.13952647504486,1
2.43793432504339,4.09123141066501,3.14055954669955,1
2.41797111227374,4.09125203480501,-3.1415522559795,1
2.39802795623666,4.09125122914917,-3.14043164239476,1
2.37810449673077,4.09122809777925,-3.13926645544695,1
2.35820014168771,4.09118179622199,-3.13806221659015,1
2.33831401024443,4.09111158919608,-3.13677749952248,1
2.31844582304487,4.09101592007429,-3.13545034603552,1
2.298594402845,4.09089398501258,-3.13422426374269,1
2.27875571506189,4.09074780318137,-3.13265237698569,1
2.25893397685234,4.09057058663742,-3.13037113042603,1
2.23914034452587,4.09034846261022,-3.12833919693989,1
2.21936907514476,4.09008640960482,-3.12671642222664,1
2.19960773413238,4.08979241363623,-3.12481159300342,1
2.17985284302346,4.08946087449015,-3.12331702213028,1
2.16011382212759,4.08910009125095,-3.12237744833575,1
2.14039917731294,4.08872122367416,-3.12031413041737,1
2.12069045179184,4.08830178779612,-3.11785747499587,1
2.10097093479319,4.08783365362591,-3.11675401431203,1
2.08124253395199,4.08734352619373,-3.11559823751037,1
2.06151269580305,4.08683054502439,-3.11364906754756,1
2.04178804105034,4.0862792239311,-3.11186059285998,1
2.02206852912269,4.08569274938111,-3.10991353450249,1
2.00234411334518,4.08506768815392,-3.10745546921,1
1.9826028959107,4.08439351667281,-3.10545621642433,1
1.96285137728449,4.0836794563173,-3.10400424598928,1
1.94309712165214,4.08293657540252,-3.10250508586929,1
1.9233358972816,4.08216376358953,-3.10099794350614,1
1.90356422767784,4.0813606972131,-3.09958680140686,1
1.88378070775346,4.08052918447621,-3.09824078648528,1
1.86398325233248,4.07967038975057,-3.09697805282634,1
1.84416977377669,4.07878583234436,-3.09583608376151,1
1.82433848715885,4.07787778689105,-3.09483999575741,1
1.80448766556598,4.07694903142816,-3.09397745894503,1
1.78461572099533,4.07600210918843,-3.09319078087026,1
1.76472119386058,4.07503842414577,-3.09240111097981,1
1.74480248968983,4.0740578012602,-3.09156757034276,1
1.72485854091191,4.07305927047924,-3.09076158794232,1
1.70488890864844,4.07204331763455,-3.08995614354554,1
1.68489012427415,4.07100973141398,-3.08936657690231,1
1.66486153303874,4.0699627646097,-3.08958591106083,1
1.64481593547674,4.06891931747119,-3.09029701273664,1
1.62475470922199,4.06788936050003,-3.09073075621709,1
1.60466362483443,4.06686660774485,-3.09044641271084,1
1.5845523270092,4.06583709258938,-3.09004023175738,1
1.56442988567688,4.06479881204632,-3.09090233947223,1
1.54427428562333,4.06377624236467,-3.09200279158032,1
1.52407803681206,4.062773891393,-3.09240117425208,1
1.5038576385264,4.06177841700879,-3.09336070720685,1
1.48362739826731,4.06080191580953,-3.09484255952048,1
1.46338897074668,4.05985507752441,-3.09597723536938,1
1.44313348480047,4.05893047367787,-3.09662162118594,1
1.42285095946053,4.05801773218304,-3.09712431435585,1
1.402536018745,4.05711376458404,-3.09823758780382,1
1.38219773584055,4.0562314441001,-3.09915003524307,1
1.36185209705543,4.05536740303491,-3.0992945815585,1
1.34150816274254,4.05450638028169,-3.09980932397762,1
1.32115805537215,4.05365558986363,-3.10083756080148,1
1.30079523404758,4.05282524141014,-3.10187036325282,1
1.28042272929274,4.05201557296867,-3.10295853863781,1
1.26004205289872,4.05122779158891,-3.1041116719922,1
1.23965387140198,4.05046326449123,-3.10519475443041,1
1.21926030876498,4.04972065368722,-3.1063337720262,1
1.19885988518869,4.04900105934659,-3.10734487425787,1
1.17845373957904,4.04830192081107,-3.10736342445658,1
1.1580591446225,4.04760355678214,-3.10723464725667,1
1.13767667237168,4.0469029799792,-3.10826377545154,1
1.11728279460274,4.04622302312506,-3.10856702636315,1
1.09689142519944,4.04554934041591,-3.10779233925424,1
1.07652654413371,4.04486073878094,-3.10789853757435,1
1.05617801280812,4.04417485342568,-3.10759525542969,1
1.03584342994973,4.04348326404364,-3.10593225403291,1
1.01552948020473,4.04275855325687,-3.10555538191851,1
0.995225801664064,4.04202654716818,-3.1059425039663,1
0.97493542463904,4.04130288559017,-3.10461789321667,1
0.954685356783266,4.0405538027873,-3.1024378413525,1
0.93448517992025,4.03976246421352,-3.10011696191805,1
0.914334010332142,4.03892620093929,-3.09726780073093,1
0.89423824223797,4.03803487517192,-3.09446589845431,1
0.874194566742361,4.03708958187077,-3.09205682792071,1
0.854195356851159,4.03609809339257,-3.08907827483806,1
0.83425156264062,4.03504979359936,-3.08534325539144,1
0.814376374911468,4.0339306456754,-3.08126476722019,1
0.794573771695474,4.03273454507559,-3.077270950425,1
0.774838621628563,4.0314633930895,-3.07325678287,1
0.755168010087973,4.03011708841565,-3.068262494772,1
0.735577251159843,4.02867791439752,-3.06248159504939,1
0.716078379251431,4.02713211182167,-3.05645991400551,1
0.696673125571562,4.02547608675263,-3.05001425042956,1
0.677365219209954,4.02370293985243,-3.04296867767931,1
0.658159916223202,4.02180267140798,-3.03527349762635,1
0.639061826198661,4.01976449310775,-3.02698952304696,1
0.620074988118676,4.01757896548568,-3.01813102503799,1
0.601204410231528,4.01523726308659,-3.00864390968477,1
0.582457324515896,4.01273007231267,-2.99911950066083,1
0.563833400487736,4.01005856265997,-2.98979878311774,1
0.545327090403919,4.00722764197962,-2.97938829462663,1
0.526948432056923,4.00422012088861,-2.96800727122316,1
0.508717839140762,4.00102338385857,-2.95669522449302,1
0.490651707782426,3.99764440883023,-2.944624282091,1
0.472749659335179,3.99407195191022,-2.93132075789789,1
0.455007199696281,3.99028523714532,-2.91726901970651,1
0.437430374797829,3.98627484403339,-2.90255992449595,1
0.420025902719046,3.98203351781191,-2.88717335009519,1
0.402798421583104,3.97755343020403,-2.87124459256431,1
0.385753078352278,3.97282960492616,-2.85483372857335,1
0.368895302758808,3.9678584746278,-2.83790279719799,1
0.352230375758996,3.96263595610038,-2.8204761573078,1
0.335762804033482,3.95715836462802,-2.80246490318502,1
0.319497802874855,3.95142079135174,-2.7836464217353,1
0.303442786377223,3.94541525323954,-2.76459941805842,1
0.287596921536393,3.93914139271927,-2.74567308892441,1
0.271954202437693,3.93260286681897,-2.7254371893325,1
0.256526025890117,3.92578408817605,-2.70382080407865,1
0.241327812582798,3.91867039132995,-2.68197101824935,1
0.22636372272597,3.91126350181026,-2.6597800253413,1
0.21162747141881,3.90355766639848,-2.6371546110128,1
0.197114675806366,3.89554545535003,-2.61453448835072,1
0.182838805447161,3.88723729798126,-2.59172551306586,1
0.168809996738602,3.87863872649845,-2.56841139719967,1
0.1550274313932,3.869742549403,-2.54477566440319,1
0.141491660269689,3.86054534284079,-2.52102935167346,1
0.128204406968949,3.85104814903773,-2.49735873181282,1
0.115166193325329,3.84125455157356,-2.47394124026625,1
0.10237604551917,3.8311703059691,-2.45062561977579,1
0.0898342713036748,3.82079872070701,-2.42715848389002,1
0.0775433649830974,3.81013920725454,-2.40435699019351,1
0.0654923133321597,3.79919645191005,-2.38267959297106,1
0.0536674561205688,3.78798193753993,-2.3606836891687,1
0.0420859365008019,3.77650393738813,-2.33837416549324,1
0.0307583842518437,3.76476529453612,-2.31681916885449,1
0.0196680147151174,3.7527652628652,-2.29599273413733,1
0.00880578475192717,3.74050961211056,-2.27555588051749,1
-0.00182869593121682,3.72800518734769,-2.25533510716928,1
-0.0122376045697314,3.71525223383152,-2.23625006928614,1
-0.0224341628886602,3.702261016361,-2.21873796775187,1
-0.0324352893000732,3.68904881786518,-2.20131570910645,1
-0.042239498688897,3.67561674762126,-2.18397022289272,1
-0.0518448376468537,3.66196608516526,-2.16756545520495,1
-0.061260652434775,3.64810715571551,-2.15189410857836,1
-0.0704927660079564,3.63404963895855,-2.13682017014896,1
-0.0795485138855003,3.61979699203683,-2.12265724239369,1
-0.0884477196631972,3.605342452374,-2.10910087389728,1
-0.0971977493637477,3.59068891094231,-2.09590230551155,1
-0.105792160204218,3.5758546339246,-2.08417270274131,1
-0.114246454215897,3.5608594309239,-2.07363823453697,1
-0.12257699669919,3.54571294330042,-2.06286593884294,1
-0.130779709908199,3.53041078736142,-2.05236656777035,1
-0.13885474208626,3.51495938330177,-2.04289483543332,1
-0.146814242049027,3.49937112578485,-2.03450428104408,1
-0.154679090906253,3.48364380081532,-2.02660684545006,1
-0.162456270604283,3.4677798298735,-2.01895497937551,1
-0.17014121010989,3.45179571554806,-2.01276139305239,1
-0.177752679945027,3.43571004832027,-2.00748959181253,1
-0.185305042117087,3.41952920642599,-2.00166859174314,1
-0.192789781118832,3.40324660775071,-1.9965835545052,1
-0.20021478123986,3.38687510440727,-1.99273520249502,1
-0.207596017539164,3.37043216704535,-1.98851243137318,1
-0.214928774206701,3.35391084561683,-1.98413843730217,1
-0.22221254563726,3.33730437523892,-1.98045172578537,1
-0.229458986286925,3.3206160272195,-1.9770627562876,1
-0.236673831241992,3.3038450996327,-1.97437774841225,1
-0.243867819671568,3.28699819012561,-1.97308089125002,1
-0.251060748028385,3.27009309434324,-1.97170970279803,1
-0.258251694134922,3.25312812549709,-1.96982980851458,1
-0.265433370256101,3.23609598689445,-1.96897284501379,1
-0.272619816575672,3.2190116547897,-1.9682521970068,1
-0.279812465454294,3.2018780407369,-1.96655581701152,1
-0.286997330341034,3.18468128941942,-1.96565893692037,1
-0.294186239248072,3.16743138166849,-1.96550556459423,1
-0.301390971877226,3.15013603459918,-1.96444115713032,1
-0.308599729038505,3.13277900323283,-1.96437734353602,1
-0.315827568842717,3.11537288958836,-1.96575297245109,1
-0.323095287509438,3.09793849381247,-1.96544692688336,1
-0.330377913335211,3.08045327163893,-1.9643005486348,1
-0.337662464100568,3.06290678199827,-1.96426142051372,1
-0.34496456562498,3.0453160737581,-1.96431122973297,1
-0.352285560423753,3.02768233228692,-1.96459382137662,1
-0.359629297996332,3.01000791699119,-1.96598583962612,1
-0.367012560359804,2.99230795246722,-1.96653644058473,1
-0.374423428641399,2.97456930277278,-1.96545242621364,1
-0.38183793131946,2.95676772666001,-1.9647934026812,1
-0.389262047721603,2.93890992049957,-1.96459657836763,1
-0.39670216339521,2.92100368817736,-1.96402891676592,1
-0.404152210625663,2.90304478889216,-1.96335595619812,1
-0.411609984712668,2.88503302556489,-1.96256490927647,1
-0.419073225099308,2.86696764234379,-1.96149551581495,1
-0.426537346347123,2.84884523398551,-1.96088083101958,1
-0.434008298649908,2.83067452974113,-1.96072221111004,1
-0.44149256470254,2.81246323112301,-1.95986129985381,1
-0.448980129501327,2.79419919944318,-1.958251893515,1
-0.45645411553486,2.77588436166431,-1.95638583227091,1
-0.4639019754262,2.75753574364981,-1.95466546196486,1
-0.471328366897362,2.73914931161265,-1.95291067711858,1
-0.478736900751995,2.72071399849826,-1.95076101855393,1
-0.486119750864154,2.70222783982977,-1.94899993141155,1
-0.493482039546227,2.68369849204911,-1.94767667978659,1
-0.500830165808194,2.66513323589016,-1.94554873135874,1
-0.508149360596624,2.64652545946752,-1.94299131771755,1
-0.515434672429941,2.62786385910192,-1.94087711848803,1
-0.522698055579557,2.60914168163104,-1.93908861247433,1
-0.529939683685822,2.59037611778084,-1.93788133934601,1
-0.537161455470036,2.57159453236399,-1.935548391985,1
-0.544336079928417,2.55280482196545,-1.93349459003225,1
-0.551478874130426,2.53398256237136,-1.93036893736661,1
-0.558558500234035,2.51514951149572,-1.92672430730574,1
-0.565562938090531,2.49630827253748,-1.92309214651823,1
-0.572497367788522,2.47744587217256,-1.91919376048547,1
-0.579355428281099,2.45856424643302,-1.91477566956976,1
-0.586120389007787,2.43967933919257,-1.91058875309632,1
-0.592798584376484,2.42078787632631,-1.90688120973752,1
-0.599402376462814,2.40188414024976,-1.90323894002032,1
-0.605930931269911,2.38297484324289,-1.89950700149714,1
-0.612380238259013,2.36406662769336,-1.89551437701181,1
-0.618743408842252,2.34516427711415,-1.8910394220834,1
-0.625009296423254,2.32627172950104,-1.88622697186565,1
-0.631171484055133,2.30738819008243,-1.88117158857277,1
-0.637225910495462,2.28851183701296,-1.8756241122203,1
-0.643159245154246,2.2696539400982,-1.86988677078417,1
-0.648965539449432,2.25082311879773,-1.86452931230781,1
-0.654655128742645,2.23201348640343,-1.85907027929208,1
-0.66022667514295,2.21322459069753,-1.85340983084619,1
-0.665674366948426,2.19446442140133,-1.84835741519668,1
-0.671007171653714,2.17574728252057,-1.84318898690912,1
-0.676223555631596,2.15707304002063,-1.83698264687105,1
-0.681307312019388,2.13842777214869,-1.83052412822312,1
-0.686254382984494,2.11981087124763,-1.82426652181108,1
-0.69106769017817,2.10122966267725,-1.81735829212339,1
-0.695735471569154,2.0826833851742,-1.80976486603383,1
-0.700246756827093,2.064165956921,-1.80308426197966,1
-0.704620589554394,2.04567648614617,-1.79680890754983,1
-0.708864614966034,2.02721948649087,-1.78952109471698,1
-0.71295849117338,2.00880189857003,-1.78163980567919,1
-0.716891986064334,1.99042317692878,-1.77371137223772,1
-0.720665706341427,1.97208159050003,-1.76580059143054,1
-0.724280281341109,1.95378126413794,-1.75740852581085,1
-0.72772881123314,1.93551661691482,-1.74848306482737,1
-0.731004153044513,1.91727778408525,-1.74015275346681,1
-0.73411719773854,1.89907224371629,-1.73230087372198,1
-0.737077022724902,1.88090528949309,-1.7241745550303,1
-0.739880530064666,1.86277045538121,-1.71587706734795,1
-0.742526202032145,1.84466272135804,-1.70755169489302,1
-0.745014791725994,1.82657892357116,-1.69919585756049,1
-0.747347023949992,1.80851498388199,-1.69084346721249,1
-0.749524139390489,1.79046668214743,-1.68248190610651,1
-0.751546908504862,1.77243076673223,-1.674171134388,1
-0.753417203708154,1.75440289045085,-1.66605118184259,1
-0.755139639275551,1.73637522232365,-1.65767285083714,1
-0.75670974501495,1.71834787112186,-1.64879222741171,1
-0.758118249878681,1.70032580142348,-1.64041570641702,1
-0.759375531788745,1.68229562115978,-1.63258452372654,1
-0.760492532142152,1.66424074079105,-1.62476086187782,1
-0.76146924248743,1.64615919809281,-1.62476086187782,1
